"year","quarter","bf_mod_jp3_value","bmi_value","fat_mass_value","ffm_value","ffmi_std_value","hip_value","waist_value","bf_mod_jp3_deriv","bmi_deriv","fat_mass_deriv","ffm_deriv","ffmi_std_deriv","hip_deriv","waist_deriv","bf_mod_jp3_change","bmi_change","fat_mass_change","ffm_change","ffmi_std_change","hip_change","waist_change"
2013,"Q1",0.215166419873943,25.1770493728245,15.0055258132617,56.0390455010563,20.5871039898867,97,84.1174762686931,-0.000876888656503857,0.0153959280979592,-0.0383065390992723,0.0834792399499484,0.0295773951069833,0,0.0603808635623011,NA,NA,NA,NA,NA,NA,NA
2013,"Q2",0.228721469337774,25.3702404861989,16.4311510169029,55.3504467475419,20.3431276741574,96.3845432316923,88.7761077748585,-0.00168437951736664,-0.0114532976874635,-0.143816179087459,0.0472264007252221,0.0167327100075152,-0.048141643379644,-0.0956576426778639,0.0135550494638307,0.193191113374404,1.42562520364117,-0.688598753514341,-0.243976315729267,-0.615456768307723,4.65863150616536
2013,"Q3",0.201979483112953,24.6952947845805,14.0779699729728,55.6220300270272,20.4393519086689,92.5,87.5,0.000388918634425459,0.00343791857358156,0.0345705908528204,0.00253326099904072,0.000897555626085733,0.0246019429075304,-0.0431238042808602,-0.0267419862248208,-0.674945701618416,-2.35318104393009,0.271583279485291,0.0962242345114852,-3.88454323169228,-1.2761077748585
2013,"Q4",0.200835796131606,25.8330183925422,14.6434863089439,58.2676248021672,21.3767083341012,94,87.5555555555556,-0.000987020693620444,-0.0201758944318478,-0.0832806224342608,0.0263361779898119,0.00933112882293052,0,-0.284722222222236,-0.00114368698134704,1.13772360796168,0.565516335971115,2.64559477514,0.937356425432291,1.50000000000001,0.0555555555555571
2014,"Q1",0.20722550173706,25.246556054578,15.1285489660641,57.8649479077509,21.2340365319412,94,88.9399763389519,0.000135699513390125,-0.00668202938151019,0.0104607424827901,-0.00793167657759852,-0.00281025955839098,0,0.00397837565660097,0.00638970560545427,-0.586462337964139,0.485062657120148,-0.402676894416274,-0.142671802160013,-1.4210854715202e-14,1.38442078339634
2014,"Q2",0.219918549416867,25.3510814484079,16.0983347396554,57.0869598819288,20.9583888470552,94.8054474283113,90.6545478908611,0.000137784968497159,0.0035207146101861,0.0103922116088135,-0.0089446104351083,-0.00316915052264122,0.0144989102125592,0.0291875926929066,0.0126930476798063,0.104525393829899,0.969785773591308,-0.777988025822097,-0.275647684885957,0.805447428311339,1.71457155190917
2014,"Q3",0.231411429587561,25.6914748173652,16.9435914849201,56.2688636848093,20.6685305005701,95.9269610166363,92.9454095664254,0.000106455502027925,0.00334567299912081,0.00751173057637899,-0.00861282608718739,-0.00305159654449483,0.0060302093379363,0.0133464589940786,0.0114928801706946,0.340393368957219,0.845256745264695,-0.818096197119516,-0.289858346485076,1.121513588325,2.29086167556437
2014,"Q4",0.236018845734734,25.8459112811791,17.2176441177615,55.7298558822385,20.4775555138317,94.324,89.7685,0.000520676696770889,0.0496031746031775,0.0712504687602049,0.0687495312397957,0.0243585357283891,0.186,0.150666666666673,0.00460741614717244,0.154436463813965,0.274052632841414,-0.539007802570801,-0.190974986738475,-1.60296101663631,-3.17690956642544
2015,"Q1",0.221355414450014,26.1189485319734,16.3457977224767,57.0628811999067,20.9498575679942,95.5,92.9344005931585,0.000129777866718819,0.00672545688187398,0.0141941366539555,0.00487582652031904,0.00172754624444416,0,0.0254706811979304,-0.0146634312847199,0.273037250794289,-0.871846395284784,1.33302531766818,0.472302054162519,1.17599999999996,3.1659005931585
2015,"Q2",0.239850065473901,26.8232469545806,18.1834318267649,57.4200471845117,21.0764044729705,95.5,94.7381232941868,0.000204340366150496,0.00710182553384442,0.0197823165465962,0.00319994020590642,0.00113376566252299,0,0.0153742583913754,0.0184946510238869,0.704298422607195,1.83763410428817,0.357165984605047,0.126546904976262,1.4210854715202e-14,1.80372270102829
2015,"Q3",0.236744391767828,26.6216200526653,17.7949228718604,57.338590267411,21.0475436038162,96.8728301522479,94.1413876869057,-0.000262198946492445,-0.0126002328366184,-0.0294853428692328,-0.0054434457088135,-0.0019286584852658,0.0339951761939261,-0.0365588526271097,-0.0031056737060729,-0.201626901915262,-0.388508954904452,-0.0814569171006951,-0.0288608691542152,1.3728301522479,-0.596735607281047
2015,"Q4",0.224791637421506,26.1599108190556,16.6244293466461,57.3205488492043,21.0411513779777,96.6446309268737,92.3412006616561,-0.000114407056922797,-0.00374612654075968,-0.00935952614951674,2.42272785264674e-05,8.58392804836683e-06,-0.00737464759258444,-0.0158846985951016,-0.0119527543463213,-0.461709233609703,-1.17049352521427,-0.0180414182067707,-0.0063922258385567,-0.228199225374226,-1.80018702524961
2016,"Q1",0.213769836419686,25.8271420529343,15.7470584846477,57.3233171983635,21.0421322273113,95.8316812500155,90.8419938608137,-0.000136550616492911,-0.00402140929794292,-0.0114591307603025,3.66454509546088e-05,1.29837907287822e-05,-0.00953055911669054,-0.0189244659550667,-0.0110218010018199,-0.332768766121326,-0.877370861998408,0.00276834915920432,0.000980849333643619,-0.812949676858182,-1.49920680084243
2016,"Q2",0.198352907490676,25.3454277913285,14.2594566745013,57.3272237594352,21.0435163546752,95.085056852645,88.5586296921174,-0.000211003275102831,-0.00701965391404258,-0.022771195339585,4.92429249518977e-05,1.74471814613497e-05,-0.00591694914231766,-0.033118926460034,-0.0154169289290108,-0.481714261605802,-1.48760181014645,0.00390656107175857,0.00138412736388815,-0.74662439737051,-2.28336416869631
2016,"Q3",0.198456541483889,25.6167190268245,14.3511732703563,57.9494545109533,21.2639779304681,95,89.164041640178,0.00021218957722588,0.0953874543566133,0.0686271528634599,0.200594398312639,0.0710722783137285,0,0.258338366179274,0.000103633993213781,0.271291235496008,0.0917165958550346,0.622230751518025,0.220461575792932,-0.085056852644982,0.605411948060606
2016,"Q4",0.203498885609441,25.2894073078861,14.5296216600333,56.8472015257444,20.8734404498811,95,88.6004509866667,0.000399419415408386,0.0240151260213075,0.0420596051363695,0.025720686546169,0.00911305504045146,0,0.0659938895238099,0.00504234412555107,-0.327311718938407,0.178448389677021,-1.10225298520883,-0.390537480587025,0,-0.563590653511341
2017,"Q1",0.221995734006071,28.0666561555177,17.5862217263137,61.6291086070196,22.5677102490857,95,92.3364793333333,0.000166760857632869,-0.015563114134542,0.00301456248427634,-0.0469398958176086,-0.0166311989149719,0,0.0138773333333333,0.0184968483966302,2.7772488476316,3.05660006628034,4.78190708127521,1.69426979920462,0,3.73602834666667
2017,"Q2",0.229624311515166,28.2855672440437,18.3324088473449,61.5030713772644,22.5230542011283,95,95.4147946777344,-0.00014968510284398,-0.00991709445380806,-0.0180092017353477,-0.0086468229040797,-0.00306364190195652,0,0.0422760667067266,0.00762857750909515,0.218911088525953,0.746187121031248,-0.126037229755212,-0.0446560479574529,0,3.07831534440103
2017,"Q3",0.23410619322823,27.9606744786907,18.5063194382941,60.5887354669359,22.1990973167998,95,95.8266371779907,0.00011418054866047,-0.00210283295442082,0.00924477494498355,-0.00766950036364022,-0.00271736832612035,-7.105427357601e-15,-0.00558876184142321,0.00448188171306427,-0.324892765352949,0.173910590949195,-0.914335910328546,-0.32395688432846,0,0.411842500256327
2017,"Q4",0.245050756564305,27.7543093401667,19.4038255504603,59.8889880778983,21.9511709459673,95,95.1032968112145,0.000102566009833507,-0.00250081253350487,0.00789476546282764,-0.00826861361987952,-0.00292963917937961,0,-0.00923225237303171,0.0109445633360744,-0.206365138524056,0.897506112166202,-0.699747389037597,-0.247926370832527,0,-0.723340366776185
2018,"Q1",0.249150634981426,27.4860974859895,19.5376316640513,58.9600278990158,21.6220325605923,95,94.3091443336706,-3.17257415953509e-05,-0.00357184803073096,-0.00719079607959472,-0.0130699361807807,-0.00463078804590999,0,-0.00755066242081881,0.00409987841712156,-0.268211854177181,0.133806113591,-0.928960178882448,-0.329138385375018,0,-0.794152477543946
2018,"Q2",0.218543372814369,25.8665485820957,15.9545865515424,57.0511601665646,20.9457047075413,95,91.0101562321969,-0.000284318482313028,0.00293218917160409,-0.0192592283424897,0.0275350390604245,0.00975589535870647,0,0.0127035386249545,-0.0306072621670569,-1.61954890389378,-3.58304511250891,-1.90886773245128,-0.676327853050953,-1.4210854715202e-14,-3.29898810147364
2018,"Q3",0.209532720304117,26.2856214225352,15.5662354426135,58.3924796951609,21.4209454702242,95.0279060167261,90.7239771876688,4.78964027104956e-06,0.0038926201671412,0.00327489739850773,0.00142947282843053,0.000506474216424024,0.000797655316127077,0.00650892823429672,-0.00901065251025207,0.41907284043954,-0.388351108928903,1.34131952859633,0.475240762682898,0.0279060167261065,-0.286179044528168
2018,"Q4",0.210603213075146,26.6341444042414,15.9107178717558,58.5197414577394,21.4660353804349,95.1015219698965,91.3476653355148,1.8251333179703e-05,0.0036856755129282,0.00419654053636087,0.00133797482770248,0.000474055707094578,0.000803867794530788,0.00703664581403984,0.00107049277102875,0.348522981706207,0.344482429142271,0.127261762578499,0.0450899102106384,0.073615953170389,0.623688147846067
2019,"Q1",0.212788136973082,26.9571179517632,16.3252028652536,58.6363249055649,21.5073418741372,95.1744001453715,92.0013884588152,3.00818378223544e-05,0.00349315006869944,0.00499767084704317,0.00125361789456946,0.000444167337930068,0.000816772942897614,0.00747822384746399,0.00218492389793648,0.322973547521787,0.414484993497764,0.116583447825562,0.0413064937023577,0.0728781754749832,0.653723123300381
2019,"Q2",0.216018876983097,27.2665151703953,16.8130208541999,58.7467194509928,21.5464555877951,95.2495802141787,92.6993782872476,4.0697813400048e-05,0.00330846097942405,0.00570666729269043,0.00117350426492635,0.000415782406790299,0.000836687137457659,0.00784962605943917,0.0032307400100143,0.309397218632022,0.487817988946315,0.110394545427873,0.0391137136578372,0.0751800688072422,0.697989828432412
2019,"Q3",0.22020409791553,27.5626949464467,17.3670521430771,58.8511588784624,21.5834593531967,95.3277502591548,93.4358775502514,5.00546418203823e-05,0.00313193892554509,0.00632018063641482,0.00109780567145634,0.000388961760009465,0.000863837968978487,0.00814836353580262,0.00418522093243326,0.296179776051485,0.554031288877198,0.104439427469551,0.0370037654016251,0.0781700449760763,0.736499263003751
2019,"Q4",0.225186514145,27.8431062995655,17.9727500834275,58.9488789550814,21.6180823962165,95.4087427634538,94.1963110501001,5.80281459443277e-05,0.00296566917653784,0.00682985536819558,0.00102743142035067,0.000364027572402392,0.000898044948812071,0.00836993555607535,0.0049824162294701,0.280411353118755,0.605697940350414,0.0977200766190265,0.0346230430197778,0.0809925042990187,0.760433499848688
2020,"Q1",0.230774273567626,28.1058819700062,18.6133277549255,59.0394067997727,21.6501571711213,95.4922678280736,94.9650657978431,6.45541297311092e-05,0.00281129246078393,0.00723183843201447,0.000963059953729584,0.000341220221701022,0.00093882163290715,0.00851318730271799,0.00558775942262624,0.262775670440689,0.64057767149799,0.0905278446913371,0.0320747749048067,0.0835250646197494,0.768754747743046
2020,"Q2",0.236894317111178,28.3550657534317,19.2858633801128,59.1243138607327,21.6802404551915,95.5798176841736,95.7434213381612,6.97266980525663e-05,0.00266694638499843,0.00753222797675335,0.000903897711964419,0.00032025854306994,0.000986501904428394,0.00858094198628834,0.006120043543552,0.249183783425529,0.672535625187319,0.0849070609599423,0.0300832840702725,0.0875498561000825,0.778355540318103
2020,"Q3",0.243497047085401,28.5941023585879,19.9888437859385,59.2049238399841,21.7088012471599,95.6730619628522,96.5330803879715,7.35803015545627e-05,0.00253121067441953,0.00773264423384035,0.000849380741406947,0.000300942723002962,0.00104172393465518,0.00857269514823145,0.00660272997422273,0.239036605156151,0.702980405825681,0.0806099792514416,0.0285607919683315,0.0932442786785685,0.789659049810268
2020,"Q4",0.250390675664173,28.8211228843953,20.705485911267,59.2807631776932,21.735671760804,95.7717112511342,97.3184311176993,7.60505807601286e-05,0.00240572726871591,0.00782922187898905,0.000800188113213807,0.00028351336211152,0.00110400211320894,0.00848728285406253,0.00689362857877157,0.227020525807418,0.716642125328544,0.0758393377090982,0.0268705136440985,0.0986492882819903,0.785350729727838
2021,"Q1",0.257293670697641,29.0324871557695,21.4105914077161,59.3508081772893,21.76048929184,95.8740696249154,98.0757205312402,7.71286154759299e-05,0.00229289217629436,0.00782322290333326,0.000757216870621136,0.000268288290326879,0.00117175414214188,0.00832905992390209,0.00690299503346864,0.211364271374233,0.705105496449058,0.0700449995960497,0.0248175310360104,0.1023583737812,0.757289413540889
2021,"Q2",0.264310994121551,29.2363271051,22.1184022025614,59.4179342012226,21.7842726053084,95.9840762440649,98.8235422660747,7.68726492386407e-05,0.00218877888717728,0.0077161219594597,0.000718948772512107,0.0002547295820996,0.00124712462704935,0.00809399671712185,0.00701732342390943,0.203839949330533,0.707810794845283,0.0671260239333122,0.0237833134684351,0.110006619149488,0.747821734834503
2021,"Q3",0.271318694920797,29.4332433460966,22.8193503081166,59.4825005705271,21.8071490116663,96.1025855602902,99.5543196553858,7.52380639559014e-05,0.00209371808181302,0.0075045698104752,0.000685555551580563,0.000242898083751442,0.00133034115871311,0.00777960431958036,0.00700770079924634,0.196916240996526,0.700948105555273,0.0645663693045364,0.0228764063579021,0.118509316225328,0.730777389311129
2021,"Q4",0.278112380956401,29.6218855990235,23.4960590398164,59.5442396832551,21.8290236972984,96.2290753802512,100.252623333143,7.22201543768286e-05,0.00200890958131694,0.00718917904955596,0.000657486673016905,0.000232953044580597,0.00142061383868963,0.00738804646596236,0.00679368603560354,0.188642252926922,0.676708731699723,0.0617391127280271,0.0218746856320919,0.126489819960995,0.698303677757394
2022,"Q1",0.284429038000394,29.7993268585978,24.1254251159143,59.602371457429,21.8496202726151,96.3611611759659,100.897504411799,6.79293087597899e-05,0.00193586515703181,0.00678016750274146,0.000635179968099919,0.000225049591874082,0.00151575179295094,0.00693033331457116,0.00631665704399315,0.177441259574305,0.629366076097924,0.0581317741738729,0.0205965753167021,0.132085795714659,0.644881078656056
2022,"Q2",0.290362226190709,29.972507940969,24.719777052074,59.6593428067695,21.8698056996774,96.5037314860476,101.504263811174,6.22448079637128e-05,0.00187198465459026,0.00626557607025546,0.000617806013647026,0.000218893854041724,0.00161881249123752,0.00639245221744034,0.00593318819031541,0.173181082371183,0.594351936159704,0.0569713493404933,0.0201854270622519,0.142570310081751,0.606759399374639
2022,"Q3",0.295771708908567,30.1421501582068,25.2683243891434,59.7155757347415,21.8897294978534,96.6577238328442,102.064416410779,5.5122033896321e-05,0.00181759875442822,0.0056420555152048,0.000605536542344964,0.000214546677419492,0.00173002352433826,0.00577191426043555,0.00540948271785757,0.169642217237772,0.548547337069415,0.0562329279720188,0.019923798176027,0.153992346796585,0.560152599605175
2022,"Q4",0.30046226349459,30.307260478654,25.7547312589989,59.7709247911029,21.9093401329021,96.8222721775086,102.563929907359,4.66159355325679e-05,0.00177346515914323,0.00491469634821406,0.000598591413421445,0.000212085959967467,0.00184829070575177,0.00507421084734005,0.00469055458602313,0.16511032044729,0.486406869855461,0.0553490563613366,0.0196106350486573,0.164548344664411,0.499513496580136
2023,"Q1",0.304232941227617,30.4653023202988,26.161258326274,59.8246858961078,21.9283881434622,96.994081257898,102.987088720385,3.69562095826614e-05,0.00174021140299452,0.00410267223024441,0.000596949246180145,0.000211504126339079,0.00197081458532722,0.00431700747473229,0.00377067773302736,0.158041841644803,0.406527067275146,0.0537611050049023,0.0190480105601232,0.171809080389409,0.423158813025424
2023,"Q2",0.298801857096547,30.2710489599864,25.5286842089439,59.9037523039019,21.9564020351126,98.0751593084417,102.032320959198,-2.89629319008833e-05,0.0067344236263942,0.00317957219640519,0.0137393345108414,0.00486796149052005,0.0384130117744093,0.0168187261744208,-0.00543108413107063,-0.194253360312427,-0.632574117330154,0.0790664077941585,0.0280138916504491,1.08107805054368,-0.954767761186218
2023,"Q3",0.298273381046093,30.803920526544,25.9327963972344,61.0081888968833,22.347713186254,100.167816587423,103.13299864232,1.34965443510382e-05,0.00350065836818203,0.00413012726652084,0.00575013091184218,0.0020373196257939,0.00305398188069717,0.00284977984428281,-0.000528476050453419,0.532871566557549,0.404112188290505,1.10443659298136,0.391311151141405,2.09265727898088,1.10067768312199
2023,"Q4",0.299743067019224,30.8956916099773,26.1375954440763,61.0624045559237,22.3669222491226,100.5,103.5,2.67552695059625e-05,-0.013981341730064,-0.00952970151267607,-0.0299312373862648,-0.010604888529711,0.0252875810799367,0.0481071990793893,0.00146968597313085,0.0917710834333256,0.204799046841941,0.0542156590404161,0.019209062868569,0.332183412577422,0.367001357679584
2024,"Q1",0.280382133639183,29.0029012293623,22.9556974101055,58.9020910196465,21.60150503814,99.7240330578512,99.2327404958678,-0.000470792577688534,-0.03090125513015,-0.0609937816913941,-0.0262219207879362,-0.00929064653767497,0.0929139118457272,0.0952095041322281,-0.0193609333800414,-1.892790380615,-3.18189803397077,-2.16031353627724,-0.765417210982577,-0.775966942148784,-4.26725950413224
2024,"Q2",0.271280890544826,28.8033422083881,22.1337182904008,59.4501491847233,21.7956866442472,97.604456267978,100.204879180704,-6.63829386435277e-06,0.00144059523954887,0.003437439300356,0.0109926030695,0.00389477149571071,-0.012592443903479,0.00882573110087037,-0.00910124309435678,-0.199559020974167,-0.821979119704711,0.548058165076874,0.194181606107222,-2.11957678987321,0.972138684835826
2024,"Q3",0.274049035031929,28.9088300615707,22.4894765654428,59.566898945139,21.8370520638956,97.8798270769658,100.85395549017,5.12969946196151e-05,0.000892717864648063,0.00377291886752218,-0.00524280889137074,-0.00185757117749752,0.0129730969340685,0.00549930152228484,0.00276814448710305,0.105487853182549,0.355758275041996,0.116749760415651,0.0413654196483755,0.275370808987788,0.649076309466324
2024,"Q4",0.277865172372822,28.9749778793974,22.7316422991181,59.0762260229651,21.6632025308125,98.9604285262598,101.256237428167,1.61441594789258e-05,0.0005853770796449,0.00096803622716557,-0.00221223785636226,-0.000783814433235719,0.00491257001621648,0.00346063606892244,0.00381613734089359,0.0661478178267494,0.242165733675286,-0.490672922173857,-0.173849533083164,1.08060144929397,0.402281937996776
2025,"Q1",0.276051211067897,28.7686875235034,22.4172847630381,58.782944381865,21.5592903847311,98.2528952560764,100.128835621187,5.10065931274561e-05,-0.00130169762459431,0.00322494942428975,-0.00679831045922441,-0.00240869843368152,-0.00439144097222766,-0.00643455225411316,-0.00181396130492523,-0.206290355894048,-0.314357536079982,-0.293281641100151,-0.103912146081377,-0.707533270183376,-1.12740180697944
2025,"Q2",0.279479312894652,28.7321796308416,22.6606132402334,58.4298771055366,21.4341956864855,98,99.7392791496304,-1.45271580486439e-05,0.00199198227816666,0.000321665299592766,0.00523994868146715,0.00185655778112981,0,-0.000546221152212922,0.00342810182675496,-0.0365078926617528,0.243328477195334,-0.353067276328332,-0.125094698245558,-0.252895256076386,-0.389556471556801
2025,"Q3",0.277639683353484,28.9464989085454,22.6869795872363,59.0160609398778,21.6418855370883,98,99.7044642387315,-1.59127211339927e-05,0.00231849742392853,0.000372748429535719,0.00601359513091637,0.00213066720908373,0,-0.000281437965121256,-0.00183962954116845,0.21431927770373,0.0263663470028561,0.586183834341128,0.207689850602733,0,-0.0348149108989304
2025,"Q4",0.279953060074281,29.1811006222212,23.0483109935727,59.303371804106,21.743682186829,98.9341111418452,99.6315433363655,3.80725977919549e-05,0.00269760418748533,0.0053331290789469,0.00236491792065152,0.000837910260999664,0.0144729589025658,-0.00106409527710127,0.00231337672079729,0.234601713675808,0.361331406336383,0.287310864228239,0.101796649740702,0.934111141845165,-0.0729209023659934
2026,"Q1",0.281935064640735,29.2497127617387,23.2753059218724,59.279083376859,21.7350765932748,99.9849410430534,99.4639759849595,-0.000122347851072901,-0.0162992214068005,-0.0227510326582099,-0.0232518898403455,-0.00823833965431575,-0.0150809057779639,-0.0366510384409082,0.00198200456645437,0.0686121395175618,0.226994928299714,-0.0242884272470008,-0.00860559355411183,1.05082990120827,-0.167567351405978
2026,"Q2",0.259256766671901,27.9044305113699,20.2924562410301,58.1189694111622,21.324038481846,96.5,95.3094504277403,-1.1188211601898e-06,0.0156917136265857,0.00570022797786152,0.017508440348184,0.00620338731157766,0,-0.0133712461023592,-0.0226782979688346,-1.34528225036879,-2.98284968084227,-1.16011396569683,-0.411038111428834,-3.48494104305345,-4.15452555721922
2026,"Q3",0.259235576565908,28.0257936507937,20.5055341063634,58.5944658936366,21.492510875013,96.5,95,-6.65897515128577e-07,0.00417502878074316,0.00631545183579618,0.0177007409812759,0.00627152103928452,0,-0.0130089513307041,-2.11901059927744e-05,0.121363139423771,0.213077865333275,0.475496482474419,0.16847239316699,0,-0.30945042774033
